{"cameraMode":{"drawMode":0,"name":"Shaded","section":"Shading Mode"},"sceneLighting":false,"audioPlay":false,"sceneViewState":{"showFog":true,"showMaterialUpdate":false,"showSkybox":true,"showFlares":true,"showImageEffects":true,"showParticleSystems":true},"in2DMode":false,"pivot":{"x":0.7337479591369629,"y":-0.08804440498352051,"z":0.0186159610748291},"rotation":{"x":0.09893788397312164,"y":0.06503988057374954,"z":-0.006480422802269459,"w":0.9929447174072266},"size":4.727142333984375,"orthographic":false}