{"cameraMode":{"drawMode":0,"name":"Shaded","section":"Shading Mode"},"sceneLighting":false,"audioPlay":false,"sceneViewState":{"showFog":true,"showMaterialUpdate":false,"showSkybox":true,"showFlares":true,"showImageEffects":true,"showParticleSystems":true},"in2DMode":false,"pivot":{"x":-0.9521556496620178,"y":-0.6002171635627747,"z":-0.04344993829727173},"rotation":{"x":0.21443700790405274,"y":0.12066823989152909,"z":-0.026706336066126825,"w":0.968887448310852},"size":0.8271421790122986,"orthographic":false}