{"cameraMode":{"drawMode":0,"name":"Shaded","section":"Shading Mode"},"sceneLighting":false,"audioPlay":false,"sceneViewState":{"showFog":true,"showMaterialUpdate":false,"showSkybox":true,"showFlares":true,"showImageEffects":true,"showParticleSystems":true},"in2DMode":false,"pivot":{"x":-1.2855455875396729,"y":0.1200236827135086,"z":-11.740896224975586},"rotation":{"x":-0.044670168310403827,"y":-0.014080221764743328,"z":-0.0006293191108852625,"w":0.9989023804664612},"size":3.511943817138672,"orthographic":false}