{"cameraMode":{"drawMode":0,"name":"Shaded","section":"Shading Mode"},"sceneLighting":false,"audioPlay":false,"sceneViewState":{"showFog":true,"showMaterialUpdate":false,"showSkybox":true,"showFlares":true,"showImageEffects":true,"showParticleSystems":true},"in2DMode":false,"pivot":{"x":-0.8399999737739563,"y":-0.6269999742507935,"z":0.0},"rotation":{"x":0.015311694703996182,"y":-0.011089791543781758,"z":0.00017003071843646467,"w":0.9998212456703186},"size":0.4871997833251953,"orthographic":false}